{"MinAngleL":12.768088340759278,"MaxAngleL":179.2454071044922, "MinAngleR":23.1645,"MaxAngleR":177.1452}