{"MinAngleL":37.21760177612305,"MaxAngleL":179.50149536132813,"MinAngleR":26.220600128173829,"MaxAngleR":178.72760009765626}