{"MinAngleL":29.42620086669922,"MaxAngleL":173.352294921875,"MinAngleR":0.7049999833106995,"MaxAngleR":179.86289978027345}